nome,nicho,telefone,wa_link,url_demo,slug,mensagem
Arthemia Clínica Veterinária,Veterinária,(16) 92005-3468,https://wa.me/556920053468,https://pixelalchemy.com.br/site-demo/arthemia-clinica-veterinaria,,"Olá! Tudo bem? Sou o André, fundador da Pixel Alchemy.

Estamos analisando a presença digital e percebemos que ainda não têm um website. Tomamos a liberdade de rascunhar um layout demo:

https://pixelalchemy.com.br/site-demo/arthemia-clinica-veterinaria

O objetivo foi criar uma experiência que transmita mais autoridade e sofisticação aos seus pacientes. Adaptamos cada detalhe que queriam, com fotos reais, informações, serviços e depoimentos para que o site fique 100% fiel à identidade.

Se gostarem da linha visual e quiserem um site para o negócio, podemos conversar 10 ou 15 minutinhos? Posso explicar e tirar dúvidas por aqui mesmo, caso prefira.

Abraços!"
Veterinary Clinic and Pet Shop São Bernardo,Veterinária,(16) 3630-4500,https://wa.me/551636304500,https://pixelalchemy.com.br/site-demo/veterinary-clinic-and-pet-shop-sao-bernardo,,"Olá! Tudo bem? Sou o André, fundador da Pixel Alchemy.

Estamos analisando a presença digital e percebemos que ainda não têm um website. Tomamos a liberdade de rascunhar um layout demo:

https://pixelalchemy.com.br/site-demo/veterinary-clinic-and-pet-shop-sao-bernardo

O objetivo foi criar uma experiência que transmita mais autoridade e sofisticação aos seus pacientes. Adaptamos cada detalhe que queriam, com fotos reais, informações, serviços e depoimentos para que o site fique 100% fiel à identidade.

Se gostarem da linha visual e quiserem um site para o negócio, podemos conversar 10 ou 15 minutinhos? Posso explicar e tirar dúvidas por aqui mesmo, caso prefira.

Abraços!"
Vídeo Pet Endoscopia e Vídeocirurgia Veterinária,Veterinária,(16) 98130-7636,https://wa.me/556981307636,https://pixelalchemy.com.br/site-demo/video-pet-endoscopia-e-videocirurgia-veterinaria,,"Olá! Tudo bem? Sou o André, fundador da Pixel Alchemy.

Estamos analisando a presença digital e percebemos que ainda não têm um website. Tomamos a liberdade de rascunhar um layout demo:

https://pixelalchemy.com.br/site-demo/video-pet-endoscopia-e-videocirurgia-veterinaria

O objetivo foi criar uma experiência que transmita mais autoridade e sofisticação aos seus pacientes. Adaptamos cada detalhe que queriam, com fotos reais, informações, serviços e depoimentos para que o site fique 100% fiel à identidade.

Se gostarem da linha visual e quiserem um site para o negócio, podemos conversar 10 ou 15 minutinhos? Posso explicar e tirar dúvidas por aqui mesmo, caso prefira.

Abraços!"
Dra. Karen Veronese,Harmonização,(16) 99153-9505,https://wa.me/556991539505,https://www.pixelalchemy.com.br/site-demo/dra-karen-veronese/,dra-karen-veronese-2,"Olá! Tudo bem? Sou o André, fundador da Pixel Alchemy.

Estamos analisando a presença digital e percebemos que ainda não tem um website. Tomamos a liberdade de rascunhar um layout demo:

https://www.pixelalchemy.com.br/site-demo/dra-karen-veronese/

O objetivo foi criar uma experiência que transmita mais sofisticação e cuidado aos seus pacientes. Adaptamos cada detalhe que, com fotos reais, informações, tratamentos e depoimentos para que o site fique 100% fiel à identidade.

Se gostar da linha visual e quiser um site para você, podemos conversar 10 ou 15 minutinhos? Posso explicar e tirar dúvidas por aqui mesmo, caso prefira.

Abraços!"
Clínica Veterinária Soer,Veterinária,(16) 99220-4241,https://wa.me/556992204241,https://pixelalchemy.com.br/site-demo/clinica-veterinaria-soer,,"Olá! Tudo bem? Sou o André, fundador da Pixel Alchemy.

Estamos analisando a presença digital e percebemos que ainda não têm um website. Tomamos a liberdade de rascunhar um layout demo:

https://pixelalchemy.com.br/site-demo/clinica-veterinaria-soer

O objetivo foi criar uma experiência que transmita mais autoridade e sofisticação aos seus pacientes. Adaptamos cada detalhe que queriam, com fotos reais, informações, serviços e depoimentos para que o site fique 100% fiel à identidade.

Se gostarem da linha visual e quiserem um site para o negócio, podemos conversar 10 ou 15 minutinhos? Posso explicar e tirar dúvidas por aqui mesmo, caso prefira.

Abraços!"
Veterinarian Dog Cat Hospital,Veterinária,(16) 3632-6657,https://wa.me/551636326657,https://pixelalchemy.com.br/site-demo/veterinarian-dog-cat-hospital,,"Olá! Tudo bem? Sou o André, fundador da Pixel Alchemy.

Estamos analisando a presença digital e percebemos que ainda não têm um website. Tomamos a liberdade de rascunhar um layout demo:

https://pixelalchemy.com.br/site-demo/veterinarian-dog-cat-hospital

O objetivo foi criar uma experiência que transmita mais autoridade e sofisticação aos seus pacientes. Adaptamos cada detalhe que queriam, com fotos reais, informações, serviços e depoimentos para que o site fique 100% fiel à identidade.

Se gostarem da linha visual e quiserem um site para o negócio, podemos conversar 10 ou 15 minutinhos? Posso explicar e tirar dúvidas por aqui mesmo, caso prefira.

Abraços!"
Veterinary Clinic & Pet Puppies,Veterinária,(16) 98251-8101,https://wa.me/556982518101,https://pixelalchemy.com.br/site-demo/veterinary-clinic-pet-puppies,,"Olá! Tudo bem? Sou o André, fundador da Pixel Alchemy.

Estamos analisando a presença digital e percebemos que ainda não têm um website. Tomamos a liberdade de rascunhar um layout demo:

https://pixelalchemy.com.br/site-demo/veterinary-clinic-pet-puppies

O objetivo foi criar uma experiência que transmita mais autoridade e sofisticação aos seus pacientes. Adaptamos cada detalhe que queriam, com fotos reais, informações, serviços e depoimentos para que o site fique 100% fiel à identidade.

Se gostarem da linha visual e quiserem um site para o negócio, podemos conversar 10 ou 15 minutinhos? Posso explicar e tirar dúvidas por aqui mesmo, caso prefira.

Abraços!"
BMvet 24 horas - Zona Oeste,Veterinária,(16) 3329-6880,https://wa.me/551633296880,https://pixelalchemy.com.br/site-demo/bmvet-24-horas-zona-oeste,,"Olá! Tudo bem? Sou o André, fundador da Pixel Alchemy.

Estamos analisando a presença digital e percebemos que ainda não têm um website. Tomamos a liberdade de rascunhar um layout demo:

https://pixelalchemy.com.br/site-demo/bmvet-24-horas-zona-oeste

O objetivo foi criar uma experiência que transmita mais autoridade e sofisticação aos seus pacientes. Adaptamos cada detalhe que queriam, com fotos reais, informações, serviços e depoimentos para que o site fique 100% fiel à identidade.

Se gostarem da linha visual e quiserem um site para o negócio, podemos conversar 10 ou 15 minutinhos? Posso explicar e tirar dúvidas por aqui mesmo, caso prefira.

Abraços!"
Pets in,Veterinária,(16) 3610-9672,https://wa.me/551636109672,https://pixelalchemy.com.br/site-demo/pets-in,,"Olá! Tudo bem? Sou o André, fundador da Pixel Alchemy.

Estamos analisando a presença digital e percebemos que ainda não têm um website. Tomamos a liberdade de rascunhar um layout demo:

https://pixelalchemy.com.br/site-demo/pets-in

O objetivo foi criar uma experiência que transmita mais autoridade e sofisticação aos seus pacientes. Adaptamos cada detalhe que queriam, com fotos reais, informações, serviços e depoimentos para que o site fique 100% fiel à identidade.

Se gostarem da linha visual e quiserem um site para o negócio, podemos conversar 10 ou 15 minutinhos? Posso explicar e tirar dúvidas por aqui mesmo, caso prefira.

Abraços!"
Toca do Mastim Clinica Veterinária 24h,Veterinária,(16) 3632-9896,https://wa.me/551636329896,https://pixelalchemy.com.br/site-demo/toca-do-mastim-clinica-veterinaria-24h,,"Olá! Tudo bem? Sou o André, fundador da Pixel Alchemy.

Estamos analisando a presença digital e percebemos que ainda não têm um website. Tomamos a liberdade de rascunhar um layout demo:

https://pixelalchemy.com.br/site-demo/toca-do-mastim-clinica-veterinaria-24h

O objetivo foi criar uma experiência que transmita mais autoridade e sofisticação aos seus pacientes. Adaptamos cada detalhe que queriam, com fotos reais, informações, serviços e depoimentos para que o site fique 100% fiel à identidade.

Se gostarem da linha visual e quiserem um site para o negócio, podemos conversar 10 ou 15 minutinhos? Posso explicar e tirar dúvidas por aqui mesmo, caso prefira.

Abraços!"
Bicho Chic - Clinica Veterinária 24h,Veterinária,(16) 99135-4100,https://wa.me/556991354100,https://pixelalchemy.com.br/site-demo/bicho-chic-clinica-veterinaria-24h,,"Olá! Tudo bem? Sou o André, fundador da Pixel Alchemy.

Estamos analisando a presença digital e percebemos que ainda não têm um website. Tomamos a liberdade de rascunhar um layout demo:

https://pixelalchemy.com.br/site-demo/bicho-chic-clinica-veterinaria-24h

O objetivo foi criar uma experiência que transmita mais autoridade e sofisticação aos seus pacientes. Adaptamos cada detalhe que queriam, com fotos reais, informações, serviços e depoimentos para que o site fique 100% fiel à identidade.

Se gostarem da linha visual e quiserem um site para o negócio, podemos conversar 10 ou 15 minutinhos? Posso explicar e tirar dúvidas por aqui mesmo, caso prefira.

Abraços!"
Clínica Veterinária Bicho do Mato,Veterinária,(16) 98106-2869,https://wa.me/556981062869,https://pixelalchemy.com.br/site-demo/clinica-veterinaria-bicho-do-mato-atendimento-para-animais-silvestres,,"Olá! Tudo bem? Sou o André, fundador da Pixel Alchemy.

Estamos analisando a presença digital e percebemos que ainda não têm um website. Tomamos a liberdade de rascunhar um layout demo:

https://pixelalchemy.com.br/site-demo/clinica-veterinaria-bicho-do-mato-atendimento-para-animais-silvestres

O objetivo foi criar uma experiência que transmita mais autoridade e sofisticação aos seus pacientes. Adaptamos cada detalhe que queriam, com fotos reais, informações, serviços e depoimentos para que o site fique 100% fiel à identidade.

Se gostarem da linha visual e quiserem um site para o negócio, podemos conversar 10 ou 15 minutinhos? Posso explicar e tirar dúvidas por aqui mesmo, caso prefira.

Abraços!"
Nucleon Veterinary Diagnostics,Veterinária,16 99999-0001,https://wa.me/556999990001,https://pixelalchemy.com.br/site-demo/nucleon-veterinary-diagnostics,,"Olá! Tudo bem? Sou o André, fundador da Pixel Alchemy.

Estamos analisando a presença digital e percebemos que ainda não têm um website. Tomamos a liberdade de rascunhar um layout demo:

https://pixelalchemy.com.br/site-demo/nucleon-veterinary-diagnostics

O objetivo foi criar uma experiência que transmita mais autoridade e sofisticação aos seus pacientes. Adaptamos cada detalhe que queriam, com fotos reais, informações, serviços e depoimentos para que o site fique 100% fiel à identidade.

Se gostarem da linha visual e quiserem um site para o negócio, podemos conversar 10 ou 15 minutinhos? Posso explicar e tirar dúvidas por aqui mesmo, caso prefira.

Abraços!"
Dog Days - Clínica Veterinária 24h,Veterinária,(16) 99147-8768,https://wa.me/556991478768,https://pixelalchemy.com.br/site-demo/dog-days-clinica-veterinaria-24h,,"Olá! Tudo bem? Sou o André, fundador da Pixel Alchemy.

Estamos analisando a presença digital e percebemos que ainda não têm um website. Tomamos a liberdade de rascunhar um layout demo:

https://pixelalchemy.com.br/site-demo/dog-days-clinica-veterinaria-24h

O objetivo foi criar uma experiência que transmita mais autoridade e sofisticação aos seus pacientes. Adaptamos cada detalhe que queriam, com fotos reais, informações, serviços e depoimentos para que o site fique 100% fiel à identidade.

Se gostarem da linha visual e quiserem um site para o negócio, podemos conversar 10 ou 15 minutinhos? Posso explicar e tirar dúvidas por aqui mesmo, caso prefira.

Abraços!"
Hospital Clínico Especializado Veterinário HCEVET,Veterinária,+55 16 99793-7773,https://wa.me/556997937773,https://pixelalchemy.com.br/site-demo/hospital-clinico-especializado-veterinario-hcevet,,"Olá! Tudo bem? Sou o André, fundador da Pixel Alchemy.

Estamos analisando a presença digital e percebemos que ainda não têm um website. Tomamos a liberdade de rascunhar um layout demo:

https://pixelalchemy.com.br/site-demo/hospital-clinico-especializado-veterinario-hcevet

O objetivo foi criar uma experiência que transmita mais autoridade e sofisticação aos seus pacientes. Adaptamos cada detalhe que queriam, com fotos reais, informações, serviços e depoimentos para que o site fique 100% fiel à identidade.

Se gostarem da linha visual e quiserem um site para o negócio, podemos conversar 10 ou 15 minutinhos? Posso explicar e tirar dúvidas por aqui mesmo, caso prefira.

Abraços!"
UTI VET - Centro Veterinário,Veterinária,(16) 3443-4505,https://wa.me/551634434505,https://pixelalchemy.com.br/site-demo/uti-vet-centro-veterinario,,"Olá! Tudo bem? Sou o André, fundador da Pixel Alchemy.

Estamos analisando a presença digital e percebemos que ainda não têm um website. Tomamos a liberdade de rascunhar um layout demo:

https://pixelalchemy.com.br/site-demo/uti-vet-centro-veterinario

O objetivo foi criar uma experiência que transmita mais autoridade e sofisticação aos seus pacientes. Adaptamos cada detalhe que queriam, com fotos reais, informações, serviços e depoimentos para que o site fique 100% fiel à identidade.

Se gostarem da linha visual e quiserem um site para o negócio, podemos conversar 10 ou 15 minutinhos? Posso explicar e tirar dúvidas por aqui mesmo, caso prefira.

Abraços!"
Dra. Daniela Mosna Oncologia Veterinária,Veterinária,(16) 98172-4620,https://wa.me/556981724620,https://pixelalchemy.com.br/site-demo/daniela-mosna-oncologia-veterinaria,,"Olá! Tudo bem? Sou o André, fundador da Pixel Alchemy.

Estamos analisando a presença digital e percebemos que ainda não tem um website. Tomamos a liberdade de rascunhar um layout demo:

https://pixelalchemy.com.br/site-demo/daniela-mosna-oncologia-veterinaria

O objetivo foi criar uma experiência que transmita mais autoridade e sofisticação aos seus pacientes. Adaptamos cada detalhe que, com fotos reais, informações, serviços e depoimentos para que o site fique 100% fiel à identidade.

Se gostar da linha visual e quiser um site para você, podemos conversar 10 ou 15 minutinhos? Posso explicar e tirar dúvidas por aqui mesmo, caso prefira.

Abraços!"
Espécie Exótica - Clínica Veterinária Silvestres e Exóticos,Veterinária,(16) 99992-0616,https://wa.me/556999920616,https://pixelalchemy.com.br/site-demo/especie-exotica-clinica-veterinaria-silvestres-e-exoticos,,"Olá! Tudo bem? Sou o André, fundador da Pixel Alchemy.

Estamos analisando a presença digital e percebemos que ainda não têm um website. Tomamos a liberdade de rascunhar um layout demo:

https://pixelalchemy.com.br/site-demo/especie-exotica-clinica-veterinaria-silvestres-e-exoticos

O objetivo foi criar uma experiência que transmita mais autoridade e sofisticação aos seus pacientes. Adaptamos cada detalhe que queriam, com fotos reais, informações, serviços e depoimentos para que o site fique 100% fiel à identidade.

Se gostarem da linha visual e quiserem um site para o negócio, podemos conversar 10 ou 15 minutinhos? Posso explicar e tirar dúvidas por aqui mesmo, caso prefira.

Abraços!"
Univet - Veterinary Unit Integrated,Veterinária,(16) 3630-4252,https://wa.me/551636304252,https://pixelalchemy.com.br/site-demo/univet-veterinary-unit-integrated,,"Olá! Tudo bem? Sou o André, fundador da Pixel Alchemy.

Estamos analisando a presença digital e percebemos que ainda não têm um website. Tomamos a liberdade de rascunhar um layout demo:

https://pixelalchemy.com.br/site-demo/univet-veterinary-unit-integrated

O objetivo foi criar uma experiência que transmita mais autoridade e sofisticação aos seus pacientes. Adaptamos cada detalhe que queriam, com fotos reais, informações, serviços e depoimentos para que o site fique 100% fiel à identidade.

Se gostarem da linha visual e quiserem um site para o negócio, podemos conversar 10 ou 15 minutinhos? Posso explicar e tirar dúvidas por aqui mesmo, caso prefira.

Abraços!"
Clínica Veterinária Pena Verde - Animais Silvestres e Exóticos,Veterinária,(16) 99992-1419,https://wa.me/556999921419,https://pixelalchemy.com.br/site-demo/clinica-veterinaria-pena-verde-animais-silvestres-e-exoticos,,"Olá! Tudo bem? Sou o André, fundador da Pixel Alchemy.

Estamos analisando a presença digital e percebemos que ainda não têm um website. Tomamos a liberdade de rascunhar um layout demo:

https://pixelalchemy.com.br/site-demo/clinica-veterinaria-pena-verde-animais-silvestres-e-exoticos

O objetivo foi criar uma experiência que transmita mais autoridade e sofisticação aos seus pacientes. Adaptamos cada detalhe que queriam, com fotos reais, informações, serviços e depoimentos para que o site fique 100% fiel à identidade.

Se gostarem da linha visual e quiserem um site para o negócio, podemos conversar 10 ou 15 minutinhos? Posso explicar e tirar dúvidas por aqui mesmo, caso prefira.

Abraços!"
Instituto Veterinário Dr. Daleck,Veterinária,(16) 3632-7696,https://wa.me/551636327696,https://pixelalchemy.com.br/site-demo/instituto-veterinario-dr-daleck,,"Olá! Tudo bem? Sou o André, fundador da Pixel Alchemy.

Estamos analisando a presença digital e percebemos que ainda não têm um website. Tomamos a liberdade de rascunhar um layout demo:

https://pixelalchemy.com.br/site-demo/instituto-veterinario-dr-daleck

O objetivo foi criar uma experiência que transmita mais autoridade e sofisticação aos seus pacientes. Adaptamos cada detalhe que queriam, com fotos reais, informações, serviços e depoimentos para que o site fique 100% fiel à identidade.

Se gostarem da linha visual e quiserem um site para o negócio, podemos conversar 10 ou 15 minutinhos? Posso explicar e tirar dúvidas por aqui mesmo, caso prefira.

Abraços!"
M.V. Heloisa Américo Deluzzi - Clínica e Cirurgia de Animais Silvestres,Veterinária,+55 14 99831-5255,https://wa.me/554998315255,https://pixelalchemy.com.br/site-demo/heloisa-americo-deluzzi-clinica-e-cirurgia-de-animais-silvestres,,"Olá! Tudo bem? Sou o André, fundador da Pixel Alchemy.

Estamos analisando a presença digital e percebemos que ainda não têm um website. Tomamos a liberdade de rascunhar um layout demo:

https://pixelalchemy.com.br/site-demo/heloisa-americo-deluzzi-clinica-e-cirurgia-de-animais-silvestres

O objetivo foi criar uma experiência que transmita mais autoridade e sofisticação aos seus pacientes. Adaptamos cada detalhe que queriam, com fotos reais, informações, serviços e depoimentos para que o site fique 100% fiel à identidade.

Se gostarem da linha visual e quiserem um site para o negócio, podemos conversar 10 ou 15 minutinhos? Posso explicar e tirar dúvidas por aqui mesmo, caso prefira.

Abraços!"
Snoopy Veterinary Clinic,Veterinária,(16) 3442-3577,https://wa.me/551634423577,https://pixelalchemy.com.br/site-demo/snoopy-veterinary-clinic,,"Olá! Tudo bem? Sou o André, fundador da Pixel Alchemy.

Estamos analisando a presença digital e percebemos que ainda não têm um website. Tomamos a liberdade de rascunhar um layout demo:

https://pixelalchemy.com.br/site-demo/snoopy-veterinary-clinic

O objetivo foi criar uma experiência que transmita mais autoridade e sofisticação aos seus pacientes. Adaptamos cada detalhe que queriam, com fotos reais, informações, serviços e depoimentos para que o site fique 100% fiel à identidade.

Se gostarem da linha visual e quiserem um site para o negócio, podemos conversar 10 ou 15 minutinhos? Posso explicar e tirar dúvidas por aqui mesmo, caso prefira.

Abraços!"
VFP Hospital Veterinário - Emergência 24h (Vet for Pet),Veterinária,(16) 3632-9305,https://wa.me/551636329305,https://pixelalchemy.com.br/site-demo/vfp-hospital-veterinario-emergencia-24h-vet-for-pet,,"Olá! Tudo bem? Sou o André, fundador da Pixel Alchemy.

Estamos analisando a presença digital e percebemos que ainda não têm um website. Tomamos a liberdade de rascunhar um layout demo:

https://pixelalchemy.com.br/site-demo/vfp-hospital-veterinario-emergencia-24h-vet-for-pet

O objetivo foi criar uma experiência que transmita mais autoridade e sofisticação aos seus pacientes. Adaptamos cada detalhe que queriam, com fotos reais, informações, serviços e depoimentos para que o site fique 100% fiel à identidade.

Se gostarem da linha visual e quiserem um site para o negócio, podemos conversar 10 ou 15 minutinhos? Posso explicar e tirar dúvidas por aqui mesmo, caso prefira.

Abraços!"
Centro Veterinário Seres,Veterinária,(16) 3602-8190,https://wa.me/551636028190,https://pixelalchemy.com.br/site-demo/centro-veterinario-seres,,"Olá! Tudo bem? Sou o André, fundador da Pixel Alchemy.

Estamos analisando a presença digital e percebemos que ainda não têm um website. Tomamos a liberdade de rascunhar um layout demo:

https://pixelalchemy.com.br/site-demo/centro-veterinario-seres

O objetivo foi criar uma experiência que transmita mais autoridade e sofisticação aos seus pacientes. Adaptamos cada detalhe que queriam, com fotos reais, informações, serviços e depoimentos para que o site fique 100% fiel à identidade.

Se gostarem da linha visual e quiserem um site para o negócio, podemos conversar 10 ou 15 minutinhos? Posso explicar e tirar dúvidas por aqui mesmo, caso prefira.

Abraços!"
Vetta Hospital Veterinário,Veterinária,(16) 99716-2082,https://wa.me/556997162082,https://pixelalchemy.com.br/site-demo/vetta-hospital-veterinario,,"Olá! Tudo bem? Sou o André, fundador da Pixel Alchemy.

Estamos analisando a presença digital e percebemos que ainda não têm um website. Tomamos a liberdade de rascunhar um layout demo:

https://pixelalchemy.com.br/site-demo/vetta-hospital-veterinario

O objetivo foi criar uma experiência que transmita mais autoridade e sofisticação aos seus pacientes. Adaptamos cada detalhe que queriam, com fotos reais, informações, serviços e depoimentos para que o site fique 100% fiel à identidade.

Se gostarem da linha visual e quiserem um site para o negócio, podemos conversar 10 ou 15 minutinhos? Posso explicar e tirar dúvidas por aqui mesmo, caso prefira.

Abraços!"
Endoscopia Veterinária - Vet. Matheus Nascimento,Veterinária,(16) 99334-5753,https://wa.me/556993345753,https://pixelalchemy.com.br/site-demo/endoscopia-veterinaria-vet-matheus-nascimento,,"Olá! Tudo bem? Sou o André, fundador da Pixel Alchemy.

Estamos analisando a presença digital e percebemos que ainda não têm um website. Tomamos a liberdade de rascunhar um layout demo:

https://pixelalchemy.com.br/site-demo/endoscopia-veterinaria-vet-matheus-nascimento

O objetivo foi criar uma experiência que transmita mais autoridade e sofisticação aos seus pacientes. Adaptamos cada detalhe que queriam, com fotos reais, informações, serviços e depoimentos para que o site fique 100% fiel à identidade.

Se gostarem da linha visual e quiserem um site para o negócio, podemos conversar 10 ou 15 minutinhos? Posso explicar e tirar dúvidas por aqui mesmo, caso prefira.

Abraços!"
Laus Consultório Veterinário,Veterinária,(16) 99281-4846,https://wa.me/556992814846,https://pixelalchemy.com.br/site-demo/laus-consultorio-veterinario,,"Olá! Tudo bem? Sou o André, fundador da Pixel Alchemy.

Estamos analisando a presença digital e percebemos que ainda não têm um website. Tomamos a liberdade de rascunhar um layout demo:

https://pixelalchemy.com.br/site-demo/laus-consultorio-veterinario

O objetivo foi criar uma experiência que transmita mais autoridade e sofisticação aos seus pacientes. Adaptamos cada detalhe que queriam, com fotos reais, informações, serviços e depoimentos para que o site fique 100% fiel à identidade.

Se gostarem da linha visual e quiserem um site para o negócio, podemos conversar 10 ou 15 minutinhos? Posso explicar e tirar dúvidas por aqui mesmo, caso prefira.

Abraços!"
Pet Work Clínica Veterinária-Banho e Tosa e Pet Shop,Veterinária,(16) 3441-8884,https://wa.me/551634418884,https://pixelalchemy.com.br/site-demo/pet-work-clinica-veterinaria-banho-e-tosa-e-pet-shop,,"Olá! Tudo bem? Sou o André, fundador da Pixel Alchemy.

Estamos analisando a presença digital e percebemos que ainda não têm um website. Tomamos a liberdade de rascunhar um layout demo:

https://pixelalchemy.com.br/site-demo/pet-work-clinica-veterinaria-banho-e-tosa-e-pet-shop

O objetivo foi criar uma experiência que transmita mais autoridade e sofisticação aos seus pacientes. Adaptamos cada detalhe que queriam, com fotos reais, informações, serviços e depoimentos para que o site fique 100% fiel à identidade.

Se gostarem da linha visual e quiserem um site para o negócio, podemos conversar 10 ou 15 minutinhos? Posso explicar e tirar dúvidas por aqui mesmo, caso prefira.

Abraços!"
Di Gato Medicina Felina,Veterinária,(16) 3610-2425,https://wa.me/551636102425,https://pixelalchemy.com.br/site-demo/di-gato-medicina-felina,,"Olá! Tudo bem? Sou o André, fundador da Pixel Alchemy.

Estamos analisando a presença digital e percebemos que ainda não têm um website. Tomamos a liberdade de rascunhar um layout demo:

https://pixelalchemy.com.br/site-demo/di-gato-medicina-felina

O objetivo foi criar uma experiência que transmita mais autoridade e sofisticação aos seus pacientes. Adaptamos cada detalhe que queriam, com fotos reais, informações, serviços e depoimentos para que o site fique 100% fiel à identidade.

Se gostarem da linha visual e quiserem um site para o negócio, podemos conversar 10 ou 15 minutinhos? Posso explicar e tirar dúvidas por aqui mesmo, caso prefira.

Abraços!"
Endovet Centro Medico Veterinario,Veterinária,(16) 3632-2778,https://wa.me/551636322778,https://pixelalchemy.com.br/site-demo/endovet-centro-medico-veterinario,,"Olá! Tudo bem? Sou o André, fundador da Pixel Alchemy.

Estamos analisando a presença digital e percebemos que ainda não têm um website. Tomamos a liberdade de rascunhar um layout demo:

https://pixelalchemy.com.br/site-demo/endovet-centro-medico-veterinario

O objetivo foi criar uma experiência que transmita mais autoridade e sofisticação aos seus pacientes. Adaptamos cada detalhe que queriam, com fotos reais, informações, serviços e depoimentos para que o site fique 100% fiel à identidade.

Se gostarem da linha visual e quiserem um site para o negócio, podemos conversar 10 ou 15 minutinhos? Posso explicar e tirar dúvidas por aqui mesmo, caso prefira.

Abraços!"
